{
  "checkpoints": {
    "step_00000500": {
      "step": 500,
      "loss": 0.3902435302734375,
      "timestamp": 1766969946.8365989,
      "is_best": false
    },
    "step_00000600": {
      "step": 600,
      "loss": 0.3493843078613281,
      "timestamp": 1766972445.934527,
      "is_best": true
    },
    "step_00000900": {
      "step": 900,
      "loss": 1.042852759361267,
      "timestamp": 1766979943.8177414,
      "is_best": false
    },
    "step_00001000": {
      "step": 1000,
      "loss": 0.32748275995254517,
      "timestamp": 1766982439.1198852,
      "is_best": false
    },
    "step_00001200": {
      "step": 1200,
      "loss": 0.5689175128936768,
      "timestamp": 1766987437.5168724,
      "is_best": false
    },
    "step_00001500": {
      "step": 1500,
      "loss": 0.2303498089313507,
      "timestamp": 1766994942.4256275,
      "is_best": false
    },
    "step_00001800": {
      "step": 1800,
      "loss": 0.0,
      "timestamp": 1767002424.9123366,
      "is_best": false
    }
  },
  "version": "1.0"
}